ISBN,Author,Title,Cover,URL,Tags
014312451X,Sonja Lyubomirsky,"The myths of happiness what should make you happy but doesn't, what shouldn't make you happy but does",,https://m.media-amazon.com/images/I/51ujigp3+VL._SL1200_.jpg,Happiness Emotions  PSYCHOLOGY Physiological Psychology  Happiness fast 
0307269876,Scott Stossel,"My age of anxiety :fear, hope, dread, and the search for peace of mind ",,https://covers.openlibrary.org/b/isbn/0307269876-L.jpg,Anxiety Anxiety Chemotherapy Anxiety disorders Epidemiology Tranquilizing drugs Social aspects Anxiety Chemotherapy Anxiety Epidemiology Anxiety disorders Social aspects Tranquilizing drugs Mental Disorders Psychotropic Drugs Central Nervous System Depressants Physiological Effects of Drugs Central Nervous System Agents Psychiatry and Psychology Therapeutic Uses Pharmacologic Actions Chemical Actions and Uses Chemicals and Drugs Anxiety Disorders Tranquilizing Agents Psychiatry HILCC Health Biological Sciences HILCC Psychiatric Disorders Individual HILCC
9780156628709,Virginia Woolf,Mrs. Dalloway,,https://covers.openlibrary.org/b/isbn/9780156628709-L.jpg,Married women England Fiction Femmes marie
0807758507,"Anne H. Charity Hudley, Cheryl L. Dickter, Hannah A. Franz",The Indispensable Guide to Undergraduate Research: Success in and Beyond College,,"https://m.media-amazon.com/images/I/813C4nDyWQL._AC_UF1000,1000_QL80_DpWeblab_.jpg",College teaching College teachers
1615993231,Diana Raab,Writing for Bliss: A Seven-Step Plan for Telling Your Story and Transforming Your Life,,https://covers.openlibrary.org/b/isbn/1615993231-L.jpg,Autobiography Authorship Biography as a literary form Autobiography Authorship fast  Biography as a literary form fast 
1577319729,Joanna Macy,Active Hope: How to Face the Mess We're in without Going Crazy,,https://covers.openlibrary.org/b/isbn/1577319729-L.jpg,Social change Environmental aspects Social change Psychological aspects Social change Religious aspects Environmental psychology
1507204191,Adams Media,"The Quick and Easy Vegetarian College Cookbook: 300 Healthy, Low-Cost Meals That Fit Your Budget and Schedule",,https://covers.openlibrary.org/b/isbn/1507204191-L.jpg,Vegetarian cooking Cuisine 
1138570923,Paul Penn,The Psychology of Effective Studying: How to Succeed in Your Degree,,https://m.media-amazon.com/images/I/51itHO3O+6L.jpg,Learning Psychology of Study skills
9781440839788,David E. Newton,Prescription Drug Abuse: A Reference Handbook,,https://covers.openlibrary.org/b/isbn/9781440839788-L.jpg,Drug abuse Substance abuse
0335241956,Kate Hefferon,"Positive Psychology: Theory, Research And Applications",,https://covers.openlibrary.org/b/isbn/0335241956-L.jpg,Positive psychology Psychology
038554376X,Robert Kolker,Hidden Valley Road: Inside the Mind of an American Family,,https://covers.openlibrary.org/b/isbn/038554376X-L.jpg,Schizophrenics United States Biography Schizophrenia Genetic aspects  Schizophrenia Treatment United States History Schizophrenics Family relationships United States Mentally ill Care United States History Mentally ill women  Schizophrenia xgenetics  Schizophrenia xtherapy Mentally Ill Persons Family Relations Schizophrenes E
0198835353,"Ronald Labonté, Arne Ruckert","Health Equity in a Globalizing Era: Past Challenges, Future Prospects",,"https://m.media-amazon.com/images/I/71c3DDVmsCL._AC_UF1000,1000_QL80_DpWeblab_.jpg",Globalization Health aspects Equality Health aspects Health services accessibility
161180583X,Oren Jay Sofer,Say What You Mean: A Mindful Approach to Nonviolent Communication,,https://covers.openlibrary.org/b/isbn/161180583X-L.jpg,Interpersonal communication Nonviolence LANGUAGE ARTS DISCIPLINES Communication  Interpersonal communication fast  Nonviolence fast 
0865719233,Meredith Leigh,"The Ethical Meat Handbook, Revised and Expanded 2nd Edition: From sourcing to butchery, mindful meat eating for the modern omnivore",,"https://m.media-amazon.com/images/I/81e3DY6K2-L._AC_UF1000,1000_QL80_.jpg",Cooking Meat Meat Moral and ethical aspects Meat industry and trade Moral and ethical aspects Meat industry and trade Environmental aspects Slaughtering and slaughterhouses Moral and ethical aspects Cooking Meat fast  Meat industry and trade Environmental aspects fast 
0985574860,Julie Castillo,Eat Local for Less: The Ultimate Guide to Opting Out of Our Broken Industrial Food System,,https://covers.openlibrary.org/b/isbn/0985574860-L.jpg,Cooking Natural foods Local foods Nutrition Health
0451494946,Sam Kass,"Eat a Little Better: Great Flavor, Good Health, Better World: A Cookbook",,https://covers.openlibrary.org/b/isbn/0451494946-L.jpg,Cooking Nutrition Health Cooking fast  Health fast  Nutrition fast 
0826355595,"Emily Mendenhall, Kathy Wollner",Community Health Narratives: A Reader,,https://covers.openlibrary.org/b/isbn/0826355595-L.jpg,Community health services Crosscultural studies Public health Crosscultural studies Medical care Crosscultural studies
9781592858491,Brené Brown,The Gifts of Imperfection: Let Go of Who You Think You're Supposed to Be and Embrace Who You Are,,https://covers.openlibrary.org/b/isbn/9781592858491-L.jpg,Selfacceptance  Selfesteem  Selfperception  Selfacceptance Self Concept Acceptation de soi Estime de soi Perception de soi Selfacceptance cct Selfesteem cct Self Concept cct Furman Center collection cct Selfperception fast Selfacceptance fast Selfesteem fast Sjalvacceptans sao Sjalvkansla sao Sjalvuppfattning sao Selfesteem sears Selfacceptance sears
9780465024117,Mihaly Csikszentmihalyi,Finding Flow: The Psychology of Engagement with Everyday Life,,https://covers.openlibrary.org/b/isbn/9780465024117-L.jpg,Happiness  Conduct of life  Mindfulness Psychology  Lifestyles  Happiness  Life Style   Morale pratique Pleine conscience Psychologie Style de vie aethics philosophical concept aat Lifestyles fast Mindfulness Psychology fast Conduct of life fast Happiness fast Psychologie gnd Gluck gnd  Geluk gtt Gedrag gtt Dagelijks leven gtt Happiness nli Conduct of life nli   Engagement  Motivation daccomplissement  Re
1578051614,Linda Buzzell,Ecotherapy: Healing with Nature in Mind,,https://covers.openlibrary.org/b/isbn/1578051614-L.jpg,Nature Psychological aspects Environmental psychology  Environmentalism Psychological aspects Human ecology Philosophy Nature Aspect psychologique Psychologie de lenvironnement Environnementalisme Aspect psychologique E
0770436730,Shawn Achor,"Before Happiness: The 5 Hidden Keys to Achieving Success, Spreading Happiness, and Sustaining Positive Change",,https://covers.openlibrary.org/b/isbn/0770436730-L.jpg,Happiness  Positive psychology  Change Psychology  Success  Adaptability Psychology  Achievement Adaptation Psychological Happiness  Psychologie positive Changement Psychologie Succes Adaptation Psychologie Adaptability Psychology fast Change Psychology fast Happiness fast Positive psychology fast Success fast
1940363365,Lauren Wilson,The Art of Eating Through the Zombie Apocalypse: A Cookbook and Culinary Survival Guide,,https://covers.openlibrary.org/b/isbn/1940363365-L.jpg,Zombies Humor Cooking Humor Survival Humor Survival Humor Zombies Humour Habilete
1101982934,Kelly McGonigal,"The Upside of Stress: Why Stress Is Good for You, and How to Get Good at It",,https://covers.openlibrary.org/b/isbn/1101982934-L.jpg,Stress Psychology  Stress management  Stress Physiology  Stress Psychological  Psychological Distress  SelfManagement  Stress Physiological  Stress Gestion du stress Stress Physiology fast Stress management fast Stress Psychology fast
1572245379,Michael A. Singer,The Untethered Soul: The Journey Beyond Yourself,,https://covers.openlibrary.org/b/isbn/1572245379-L.jpg,Consciousness  Self  Identity Consciousness  Ego  Conscience Moi Psychologie SELFHELP Spiritual  PHILOSOPHY Taoist  Consciousness fast Self fast
1469630354,"Mara Buchbinder, Michele Rivkin-Fish, Rebecca L. Walker",Understanding Health Inequalities and Justice: New Conversations across the Disciplines (Studies in Social Medicine),,"https://m.media-amazon.com/images/I/71hwFiq9TvL._AC_UF1000,1000_QL80_DpWeblab_.jpg",Medical policy United States Public health United States Equality Health aspects United States Justice Health aspects United States Health Social aspects United States Health Political aspects United States Social justice Medical policy Healthcare Disparities Social Justice Public Health Practice Health Policy Politique sanitaire E
9780804141109,Michael A. Singer,The Surrender Experiment: My Journey into Life's Perfection,,https://covers.openlibrary.org/b/isbn/9780804141109-L.jpg,Spiritual life  Spirituality  Solitude Religious aspects  Acceptance in the Bible  Will Religious aspects  Solitude Religious aspects Spirituality  Vie spirituelle Spiritualite
1741175038,"Doron Francis, Stephanie Francis",Homecamp: Stories and Inspiration for the Modern Adventurer,,https://covers.openlibrary.org/b/isbn/1741175038-L.jpg,Outdoor recreation  Adventure travel  Travel  Adventure and adventurers  Travel  Loisirs de plein air Tourisme daventure Voyage atravel aat Travel fast  Adventure travel fast  Adventure and adventurers fast  Outdoor recreation fast 
162023159X,Rebekah Sack,Healthy Cooking & Nutrition for College Students How Not to Gain the Freshman 15,,https://covers.openlibrary.org/b/isbn/162023159X-L.jpg,College students Nutrition College students Health and hygiene Cooking Food habits Cooking Diet Healthy Feeding Behavior E
0061733520,Kristin Neff,Self-Compassion: The Proven Power of Being Kind to Yourself,,https://covers.openlibrary.org/b/isbn/0061733520-L.jpg,Selfacceptance  Compassion  Security Psychology  Selfperception  Selfcare Health  Security Psychology Selfacceptance Empathy  Self Concept  Self Care  Acceptation de soi Compassion Inse
0374534888,Charles Montgomery,Happy City: Transforming Our Lives Through Urban Design,,https://covers.openlibrary.org/b/isbn/0374534888-L.jpg,City planning Psychological aspects Urban beautification Psychological aspects City dwellers Psychology Environmental psychology Environmental Psychology Citadins Psychologie Psychologie de lenvironnement aenvironmental psychology aat POLITICAL SCIENCE Public Policy City Planning Urban Development  PSYCHOLOGY Applied Psychology  BUSINESS ECONOMICS Urban Regional  City planning Psychological aspects fast  Environmental psychology fast  Urban beautification Psychological aspects fast  Stadsplanering estetik xpsykologiska aspekter sao Stadsbefolkning xpsykologiska aspekter sao Miljopsykologi xpsykologiska aspekter sao
0071492399,Tal Ben-Shahar,Happier: Learn the Secrets to Daily Joy and Lasting Fulfillment,,https://covers.openlibrary.org/b/isbn/0071492399-L.jpg,Happiness Conduct of life Happiness  Happiness fast  Happiness nli Wellbeing nli
1305961544,Howard Abadinsky,Drug Use and Abuse: A Comprehensive Introduction,,https://covers.openlibrary.org/b/isbn/1305961544-L.jpg,Drug abuse United States Drug abuse United States Prevention Drug abuse SubstanceRelated Disorders  Legislation Drug Toxicomanie E
164632045X,"Cynthia Simpson, Vicky Spencer","College Success for Students With Learning Disabilities: A Planning and Advocacy Guide for Teens With LD, ADHD, ASD, and More",,https://covers.openlibrary.org/b/isbn/164632045X-L.jpg,Learning disabled Education Higher United States Handbooks manuals etc College student orientation United States Handbooks manuals etc College student orientation fast  Learning disabled Education Higher fast 
0593450396,"Casey Rowley Barneson, The Princeton The Princeton Review, Robert Franek","The College Wellness Guide: A Student's Guide to Managing Mental, Physical, and Social Health on Campus (College Admissions Guides)",,https://covers.openlibrary.org/b/isbn/0593450396-L.jpg,
0780811445,Amy L. Sutton,Allergies sourcebook : basic consumer health information about the immune system and allergic disorders,,https://covers.openlibrary.org/b/isbn/0780811445-L.jpg,Allergy Popular works Allergy fast 
1483358186,Ana Homayoun,Social Media Wellness: Helping Tweens and Teens Thrive in an Unbalanced Digital World (Corwin Teaching Essentials),,https://covers.openlibrary.org/b/isbn/1483358186-L.jpg,Social media and children Internet and children
1462546854,"Russell Barkley, Christine M. Benton","Taking Charge of Adult ADHD: Proven Strategies to Succeed at Work, at Home, and in Relationships",,https://covers.openlibrary.org/b/isbn/1462546854-L.jpg,Attentiondeficit disorder in adults Popular works Attentiondeficit disorder in adults fast 
9780780803237,Karen Bellenir,Smoking Concerns Sourcebook,,https://covers.openlibrary.org/b/isbn/9780780803237-L.jpg,Smoking Health aspects Smoking cessation  Nicotine Physiological effect Tabagisme Traitement Me
9780780817135,"Williams, Angela L., Ed.",Sleep Disorders Sourcebook,,https://covers.openlibrary.org/b/isbn/9780780817135-L.jpg,Sleep disorders  Consumer education  Patient education  Sleep Wake Disorders Patient Education as Topic  Troubles du sommeil Consommateurs E
1629561754,Vicki Hoefle,Parenting as Partners: How to Launch Your Kids Without Ejecting Your Spouse,,https://m.media-amazon.com/images/I/51lso8vDNiL._SY522_.jpg,Parenting Psychological aspects Conflict management Child psychology Children Family relationships Role parental Aspect psychologique Gestion des conflits Enfants Psychologie POLITICAL SCIENCE Public Policy Cultural Policy  SOCIAL SCIENCE Anthropology Cultural  SOCIAL SCIENCE Popular Culture  Child psychology fast  Children Family relationships fast  Conflict management fast  Parenting Psychological aspects fast 
0358229243,"Lexie Kite, Lindsay Kite","More Than A Body: Your Body Is an Instrument, Not an Ornament",,https://covers.openlibrary.org/b/isbn/0358229243-L.jpg,Body image Beauty Personal Psychological aspects Selfesteem in women Identity Psychology Beauty Personal Psychological aspects fast  Body image fast  Identity Psychology fast  Selfesteem in women fast 
1250236517,"Joshua Fields Millburn, Ryan Nicodemus","Love People, Use Things: Because the Opposite Never Works",,https://covers.openlibrary.org/b/isbn/1250236517-L.jpg,Simplicity Personal belongings Selfactualization Psychology Interpersonal relations PHILOSOPHY Ethics Moral Philosophy  Simplicity fast 
1524760919,Gretchen Rubin,"The Four Tendencies: The Indispensable Personality Profiles That Reveal How to Make Your Life Better (and Other People's Lives Better, Too)",,"https://m.media-amazon.com/images/I/8164YeoTCPL._AC_UF1000,1000_QL80_.jpg",Selfactualization Psychology Self Personality Success Personality tests Selfrealization httpidlocgovauthoritieschildrensSubjectssj Ego Personality Achievement Personality Tests Moi Psychologie Personnalite
9781507207246,Adams Media Editors,My Pocket Tai Chi: Improve Focus. Reduce Stress. Find Balance,,"https://m.media-amazon.com/images/I/71D9CaGzQrL._AC_UF1000,1000_QL80_.jpg",Tai chi HEALTH FITNESS Healthy Living  HEALTH FITNESS Holism  HEALTH FITNESS Reference  MEDICAL Preventive Medicine  Tai chi fast 
1475857594,Catherine DePino,Parenting Mindfully: 101 Ways to Help Raise Caring and Responsible Kids in an Unpredictable World,,https://rowman.com/L/14/758/9781475843217.jpg,Parenting Parent and child Caring in children Responsibility in children FAMILY RELATIONSHIPS General  Caring in children fast  Parent and child fast  Parenting fast  Responsibility in children fast 
1475823665,Chris Palmer,"Now What, Grad?: Your Path to Success After College",,"https://m.media-amazon.com/images/I/612vjdr7pGL._AC_UF1000,1000_QL80_.jpg",College graduates Employment United States Schooltowork transition United States Job hunting United States BUSINESS ECONOMICS Management  BUSINESS ECONOMICS Reference  BUSINESS ECONOMICS Skills  College graduates Employment fast  Job hunting fast  Schooltowork transition fast 
9781787750289,"Joanna Pike, Tony Attwood, Tony Attwood, Joanna Stevenson",Neurodiverse Relationships: Autistic and Neurotypical Partners Share Their Experiences,,https://m.media-amazon.com/images/I/41RI-0QnrpL.jpg,Autistic people Family relationships Married people  Spouses  Autistes Relations familiales Couples marie
1462542743,"Michael P. Nichols, Martha B. Straus",The Lost Art of Listening: How Learning to Listen Can Improve Relationships,,https://covers.openlibrary.org/b/isbn/1462542743-L.jpg,Interpersonal relations Interpersonal communication Communication Psychological aspects Listening Philosophy Communication interpersonnelle Communication Aspect psychologique E
1684035600,"Susan L. Woods, Patricia Rockman, Diane Reibel, Jon Kabat-Zinn","Mindfulness-Based Stress Reduction: Protocol, Practice, and Teaching Skills",,https://covers.openlibrary.org/b/isbn/1684035600-L.jpg,Mindfulness Psychology Stress Psychology Mental health Mental health fast  Mindfulness Psychology fast  Stress Psychology fast 
030692384X,Professor David Nutt,Drink?,,https://covers.openlibrary.org/b/isbn/030692384X-L.jpg,Alcohol Physiological effect Controlled drinking Alcohol Social aspects HEALTH FITNESS Healthy Living  Alcohol Physiological effect fast  Alcohol Social aspects fast  Controlled drinking fast 
074595331X,Irene Alexander,You Can't Play the Game if You Don't Know the Rules: How Relationships Work,,https://covers.openlibrary.org/b/isbn/074595331X-L.jpg,Manwoman relationships  Interpersonal relations  Relations entre hommes et femmes Interpersonal relations fast Manwoman relationships fast
0190846593,"Stephanie Schroeder, Teresa Theophano",Headcase: LGBTQ Writers & Artists on Mental Health and Wellness,,"https://m.media-amazon.com/images/I/81-zvIXrVcL._AC_UF1000,1000_QL80_.jpg",Sexual minorities Mental health Gender identity Mental health  Sexual and Gender Minorities xpsychology Mental Health Minorite
9781439156810,Stephen King,On Writing: A Memoir of the Craft,,https://covers.openlibrary.org/b/isbn/9781439156810-L.jpg,Authors American yth century Biography Horror tales Authorship Authorship
9781440828492,Barbara Brehm-Curtis,"Nutrition: Science, Issues, and Applications",,"https://m.media-amazon.com/images/I/81GYRmHW3xL._AC_UF1000,1000_QL80_.jpg",Nutrition Diet Dietary supplements
0300214537,Stephen R. Kellert,Nature by Design: The Practice of Biophilic Design,,"https://m.media-amazon.com/images/I/71qc6sOTG8L._AC_UF1000,1000_QL80_.jpg",Architecture Environmental aspects
1614012512,Gregory Fricchione,Stress Management,,https://m.media-amazon.com/images/I/715ZSLHEJ6L._SL1500_.jpg,Stress management Gestion du stress Stress management fast 
0393352870,Vu Tran,Dragonfish: A Novel,,https://covers.openlibrary.org/b/isbn/0393352870-L.jpg,Vietnamese Americans Fiction Criminals Nevada Las Vegas Fiction Missing persons Fiction Criminals fast  Missing persons fast  Vietnamese Americans fast 
0679736395,William Styron,Darkness Visible: A Memoir of Madness,,https://covers.openlibrary.org/b/isbn/0679736395-L.jpg,Authors American Biography Depressed persons United States Biography Depressed persons United States Suicidal behavior Styron William Mental health
1524851981,Andrews McMeel Andrews McMeel Publishing,The Little Book of Forest Bathing: Discovering the Japanese Art of Self-Care,,"https://m.media-amazon.com/images/I/81J5ESeuK3L._AC_UF1000,1000_QL80_.jpg",Nature Healing power of Trees Therapeutic use Mind and body Mind and body fast  Nature Healing power of fast  Trees Therapeutic use fast 
0143194186,Emily Esfahani-Smith,The Power of Meaning: Finding Fulfillment in a World Obsessed with Happiness,,https://covers.openlibrary.org/b/isbn/0143194186-L.jpg,Selfactualization Psychology Meaning Psychology Emotions
0451478290,Jay Asher,13 Reasons Why,,"https://m.media-amazon.com/images/I/81loEbyj18L._AC_UF1000,1000_QL80_DpWeblab_.jpg",Suicide Juvenile fiction High schools Juvenile fiction Schools Juvenile fiction Interpersonal relations Juvenile fiction Schools Fiction Suicide Romans nouvelles etc pour la jeunesse E
1538144158,J. O. LANGFORD,The Pride Guide: A Guide to Sexual and Social Health for LGBTQ Youth,,"https://m.media-amazon.com/images/I/61f2YvUeZ1L._AC_UF1000,1000_QL80_.jpg",Sexual minority youth Psychology United States Sexual minority youth Violence against United States Sexual minority youth Social aspects United Statess
0807761435,"Ronald E. Hallett, Rashida M. Crutchfield, Jennifer J. Maguire, Timothy P. White",Addressing Homelessness and Housing Insecurity in Higher Education: Strategies for Educational Leaders,,https://www.tcpress.com/filebin/images/book_cover/9780807761434.jpg,Homeless students United States Homeless students Services for United States
0190258942,Frances Baum,Governing for Health: Advancing Health and Equity through Policy and Advocacy,,"https://m.media-amazon.com/images/I/71HsQKBhiSL._AC_UF1000,1000_QL80_.jpg",Medical policy Health promotion Environmental policy Political science
0761184996,Leanne Brown,Good and Cheap: Eat Well on $4/Day,,https://covers.openlibrary.org/b/isbn/0761184996-L.jpg,Low budget cooking
1507211155,Julia Dellitt,"Self-Care for College Students: From Orientation to Graduation, 150+ Easy Ways to Stay Happy, Healthy, and Stress-Free",,https://covers.openlibrary.org/b/isbn/1507211155-L.jpg,College student orientation  College students Mental health College students Health and hygiene College students Nutrition Selfcare Health  Students Mental health  Self Care  E
9781119162131,Terri Peters,Design for Health: Sustainable Approaches to Therapeutic Architecture (Architectural Design),,"https://m.media-amazon.com/images/I/61sFjtO0yzL._AC_UF1000,1000_QL80_.jpg",Health facilities Design and construction
1138584258,Kevin Page,"10% Happier: How I Tamed the Voice in My Head, Reduced Stress Without Losing My Edge, and Found Self-Help That Actually Works--A True Story",,"https://m.media-amazon.com/images/I/31GA7e98UIL._AC_UF1000,1000_QL80_.jpg",College students Psychology Mindfulness Psychology College teaching Psychological aspects Educational psychology
1501111108,Angela Duckworth,Grit: The Power of Passion and Perseverance,,https://covers.openlibrary.org/b/isbn/1501111108-L.jpg,Success  Perseverance Ethics  Expectation Psychology  Diligence  Will  Perseverance Achievement Aspirations Psychological Volition Succes Perse
0767902351,Mark Epstein,Going to Pieces without Falling Apart: A Buddhist Perspective on Wholeness,,https://covers.openlibrary.org/b/isbn/0767902351-L.jpg,Spiritual life Buddhism Psychology Vie spirituelle Bouddhisme Psychologie Spiritual life Buddhism Psychology fast 
052555985X,"Li, Qing (Medical doctor)",Forest Bathing: How Trees Can Help You Find Health and Happiness,,https://m.media-amazon.com/images/I/51ngSGSesHL.jpg,Forest reserves Therapeutic use Nature Healing power of  Trees Therapeutic use Forests and forestry  Lifestyles  Complementary Therapies Forestry  Life Style  Me
1603586725,Darryl Benjamin,"Farm to Table: The Essential Guide to Sustainable Food Systems for Students, Professionals, and Consumers",,"https://m.media-amazon.com/images/I/813ksecEXvL._AC_UF1000,1000_QL80_.jpg",Sustainable agriculture Food service Food Services Agriculture durable Services alimentaires afood service aat BUSINESS ECONOMICS Industries Agribusiness  BUSINESS ECONOMICS Industries Food Industry  COOKING Methods Professional  POLITICAL SCIENCE Public Policy Agriculture Food Policy  SOCIAL SCIENCE Agriculture Food  TECHNOLOGY ENGINEERING Agriculture Sustainable Agriculture  Food service fast  Sustainable agriculture fast 
1573223409,Sharon Salzberg,Faith: Trusting Your Own Deepest Experience,,https://covers.openlibrary.org/b/isbn/1573223409-L.jpg,Buddhists United States Biography Spiritual biography  Faith Buddhism  Biographies spirituelles Foi Bouddhisme Buddhists fast Faith Buddhism fast Spiritual biography fast
1793510040,Jeffrey A. Kottler,Excelling in College: Strategies for Success and Reducing Stress,,"https://m.media-amazon.com/images/I/71QBHvb9C-L._AC_UF1000,1000_QL80_.jpg",College student orientation United States College students United States Life skills guides College students Psychology Stress management Time management Study skills Success United States Students Psychology E
041577991X,"Fritz Wagner, Roger W. Caves",Community Livability: Issues and Approaches to Sustaining the Well-Being of People and Communities,,"https://m.media-amazon.com/images/I/51vY83igE3L._AC_UF1000,1000_QL80_.jpg",Sustainable living Case studies Community life Case studies Community life fast  Sustainable living fast 
0062666975,Peggy Orenstein,"Boys & Sex: Young Men on Hookups, Love, Porn, Consent, and Navigating the New Masculinity",,https://covers.openlibrary.org/b/isbn/0062666975-L.jpg,Teenage boys Sexual behavior United States Teenage boys United States Attitudes Young men Sexual behavior United States Garcons adolescents Sexualite
1683642503,Sheryl Paul,Wisdom of Anxiety,,"https://m.media-amazon.com/images/I/81e5KqP72SL._AC_UF1000,1000_QL80_.jpg",Anxiety Anxiety fast 
1611803438,Pema Chödrön,When Things Fall Apart: Heart Advice for Difficult Times,,https://covers.openlibrary.org/b/isbn/1611803438-L.jpg,Religious life Buddhism Religious life Buddhism fast  Religious life Buddhism sears
0060007826,Nell Casey,Unholy Ghost: Writers on Depression,,https://covers.openlibrary.org/b/isbn/0060007826-L.jpg,Depression Mental  Authors Mental health Medicine in literature  Depressive Disorder  Medicine in Literature  Depression  De
1594206368,Jane McGonigal,"SuperBetter: A Revolutionary Approach to Getting Stronger, Happier, Braver and More Resilient--Powered by the Science of Games",,https://covers.openlibrary.org/b/isbn/1594206368-L.jpg,Computer games Social aspects Computer games Health aspects Computer games Psychological aspects Jeux dordinateur Aspect social Jeux dordinateur Aspect sanitaire Jeux dordinateur Aspect psychologique Computer games Psychological aspects fast  Computer games Social aspects fast 
0062457713,Mark Manson,The Subtle Art of Not Giving a F*ck: A Counterintuitive Approach to Living a Good Life,,https://covers.openlibrary.org/b/isbn/0062457713-L.jpg,Conduct of life Selfrealization Conduct of life fast  Selfrealization fast 
0553380990,Tara Brach,Radical Acceptance: Embracing Your Life With the Heart of a Buddha,,https://covers.openlibrary.org/b/isbn/0553380990-L.jpg,Compassion Religious aspects Buddhism Selfacceptance Religious aspects Buddhism Spiritual life Buddhism Compassion Aspect religieux Bouddhisme Acceptation de soi Aspect religieux Bouddhisme Vie spirituelle Bouddhisme Selfacceptance Religious aspects Buddhism fast  Compassion Religious aspects Buddhism fast  Spiritual life Buddhism fast  Buddhism sao
1977221203,Jean Kinney,Loosening the Grip 12th Edition: A Handbook of Alcohol Information,,"https://m.media-amazon.com/images/I/71Y-ONk7u7L._AC_UF1000,1000_QL80_.jpg",Alcoholism United States Handbooks manuals etc Alcoholism Treatment United States Handbooks manuals etc Alcoolisme E
1616494751,Gayathri Ramprasad,Shadows in the Sun: Healing from Depression and Finding the Light Within,,https://covers.openlibrary.org/b/isbn/1616494751-L.jpg,Depression Mental India Postpartum depression India Depressed persons United States Biography Mind and body therapies MindBody Therapies De
1681061376,Michael Cervin,Santa Barbara Know-It-All: A Guide to Everything That Matters,,https://covers.openlibrary.org/b/isbn/1681061376-L.jpg,VALUE
0307591549,Shawn Achor,The Happiness Advantage: The Seven Principles of Positive Psychology That Fuel Success and Performance at Work,,https://covers.openlibrary.org/b/isbn/0307591549-L.jpg,Happiness  Work Psychological aspects  Positive psychology  Attitude Psychology  Work Psychological aspects Attitude Happiness Work xpsychology  Travail Aspect psychologique Psychologie positive Attitude Psychologie BUSINESS ECONOMICS Motivational  BUSINESS ECONOMICS Personal Success  SELFHELP Personal Growth Happiness  Attitude Psychology fast Happiness fast Positive psychology fast Work Psychological aspects fast Happiness sears Psychology sears Work Psychological aspects sears
1592408419,Brené Brown,"Daring Greatly: How the Courage to Be Vulnerable Transforms the Way We Live, Love, Parent, and Lead",,https://covers.openlibrary.org/b/isbn/1592408419-L.jpg,Assertiveness Psychology  Risk  Courage  Morale  Assertiveness  Morale  Risk  Assertivite
1138659398,"Felecia Commodore, Dominique J. Baker, Andrew T. Arroyo",Black Women College Students: A Guide to Student Success in Higher Education (Key Issues on Diverse College Students),,https://images.routledge.com/common/jackets/crclarge/978113865/9781138659407.jpg,African American women college students  Academic achievement United States African American women Education Higher E
1540900932,Caroline Leaf,"101 Ways to Be Less Stressed: Simple Self-Care Strategies to Boost Your Mind, Mood, and Mental Health",,"https://m.media-amazon.com/images/I/61UfTq8HDiL._AC_UF1000,1000_QL80_DpWeblab_.jpg",Stress management Popular works Selfcare Health Popular works
0780806115,Karen Bellenir,Depression Sourcebook,,https://covers.openlibrary.org/b/isbn/0780806115-L.jpg,Depression Mental Popular works Depression Mental fast 
1538104520,Marcia Morris,The Campus Cure: A Parent's Guide to Mental Health and Wellness for College Students,,https://m.media-amazon.com/images/I/51xpFH0ZxPL.jpg,College students Mental health College students Mental health services Mental Health Mental Health Services Students POLITICAL SCIENCE Public Policy Social Security  POLITICAL SCIENCE Public Policy Social Services Welfare  College students Mental health fast  College students Mental health services fast 
0780814800,Francis V. Adams,Asthma Sourcebook,,"https://m.media-amazon.com/images/I/61XjkPiioiL._AC_UF1000,1000_QL80_.jpg",Asthma Popular works Asthma Asthma Asthme Ouvrages de vulgarisation Asthme HEALTH FITNESS Diseases General  MEDICAL Clinical Medicine  MEDICAL Diseases  MEDICAL EvidenceBased Medicine  MEDICAL Internal Medicine  Asthma fast 
0780803256,Keith Jones,Alcoholism Sourcebook,,https://covers.openlibrary.org/b/isbn/0780803256-L.jpg,Alcoholism Popular works Consumer education  Alcoholism  Alcoholism Alcoolisme Ouvrages de vulgarisation Consommateurs E
0143132601,Mark Freeman,You Are Not a Rock: A Step-by-Step Guide to Better Mental Health (for Humans),,https://covers.openlibrary.org/b/isbn/0143132601-L.jpg,Mental health Emotional Freedom Techniques Mental Health PSYCHOLOGY Mental Health  SELFHELP Personal Growth General  PSYCHOLOGY Emotions  Emotional Freedom Techniques fast  Mental health fast 
1501199358,"Gaskins, Tony A., Jr., Sheri Gaskins","A Woman's Influence: Own Your Worth, Cultivate Your Power, and Change Your Relationships for the Better",,"https://m.media-amazon.com/images/I/71fFwOGj8DL._AC_UF1000,1000_QL80_.jpg",Manwoman relationships Relationship quality Sex role Manwoman relationships fast  Relationship quality fast  Sex role fast 
0780815777,GM Frierson,Women's Health Concerns Sourcebook,,https://covers.openlibrary.org/b/isbn/0780815777-L.jpg,Women Health and hygiene Women Diseases Women Diseases fast  Women Health and hygiene fast 
1538112426,Brittany B. Polat,"Tranquility Parenting: A Guide to Staying Calm, Mindful, and Engaged",,"https://m.media-amazon.com/images/I/81SQJD9PorL._AC_UF1000,1000_QL80_.jpg",Parenting Parent and child POLITICAL SCIENCE Public Policy Cultural Policy  SOCIAL SCIENCE Anthropology Cultural  SOCIAL SCIENCE Popular Culture  Parent and child fast  Parenting fast 
078081634X,Kevin Hayes,Stress-Related Disorders Sourcebook,,https://covers.openlibrary.org/b/isbn/078081634X-L.jpg,Stress management Popular works Stress Physiology Popular works Stress Psychology Popular works Anxiety Disorders Gestion du stress CaQQLa Ouvrages de vulgarisation CaQQLa Stress CaQQLa Ouvrages de vulgarisation CaQQLa Stress management fast  Stress Physiology fast  Stress Psychology fast 
0780814770,Siva Ganesh Maharaja ,Sleep information for teens,,https://omnigraphics.com/wp-content/uploads/shopp/images/cache_470_320_0_50_92_16777215_Sleep%20Health%20Information%20for%20Teens%20(3rd%20Ed.)_150dpi.jpg,Sleep Handbooks manuals etc Teenagers Sleep Handbooks manuals etc Sleep disorders in adolescence Handbooks manuals etc Sleep  Sleep disorders  Sleep Sleep Wake Disorders Adolescent Sommeil Guides manuels etc Adolescents Sommeil Guides manuels etc Troubles du sommeil chez ladolescent Guides manuels etc Sommeil Troubles du sommeil MEDICAL Gynecology Obstetrics  Sleep disorders fast Sleep fast Sleep disorders in adolescence fast Teenagers Sleep fast
1138043591,Meg-John Barker,"Rewriting the Rules: An Anti Self-Help Guide to Love, Sex and Relationships",,https://covers.openlibrary.org/b/isbn/1138043591-L.jpg,Intimacy Psychology Interpersonal relations Psychological aspects Manwoman relationships Psychological aspects Love Sex Psychology Interpersonal relations Psychological aspects fast  Intimacy Psychology fast  Love fast  Manwoman relationships Psychological aspects fast  Sex Psychology fast 
0367233819,Judy Hutchings,The Positive Parenting Handbook: Developing happy and confident children,,"https://m.media-amazon.com/images/I/61PatoWv4LL._AC_UF1000,1000_QL80_.jpg",Parenting  Parent and child  Parenting  ParentChild Relations  Role parental Parents et enfants FAMILY RELATIONSHIPS General  FAMILY RELATIONSHIPS Activities  FAMILY RELATIONSHIPS Adoption  Parent and child fast Parenting fast
1455509124,Cal Newport,So Good They Can't Ignore You: Why Skills Trump Passion in the Quest for Work You Love,,https://covers.openlibrary.org/b/isbn/1455509124-L.jpg,Vocational guidance Personality and occupation Personality and occupation fast  Vocational guidance fast 
0062658808,Meik Wiking,The Little Book of Hygge: Danish Secrets to Happy Living,,"https://m.media-amazon.com/images/I/81yhIviKEnL._AC_UF1000,1000_QL80_.jpg",Selfactualization Psychology  Conduct of life  Happiness  Happiness Denmark Quality of life  Health  Happiness Denmark Quality of Life Happiness Health Selfhelp Morale pratique   Danemark Qualite
9780062414854,Gretchen Rubin,"The Happiness Project (Revised Edition): Or, Why I Spent a Year Trying to Sing in the Morning, Clean My Closets, Fight Right, Read Aristotle, and Generally Have More Fun",,"https://m.media-amazon.com/images/I/81ZTIkqHneL._AC_UF1000,1000_QL80_.jpg",Happiness  Selfactualization Psychology  Happiness   Happiness fast Selfactualization Psychology fast
0804137382,Greg McKeown,Essentialism: The Disciplined Pursuit of Less,,https://covers.openlibrary.org/b/isbn/0804137382-L.jpg,Choice Psychology Decision making Essentialism Philosophy Choice Behavior Decision Making Choix Psychologie Prise de de
0385348630,Gretchen Rubin,"Better Than Before: What I Learned About Making and Breaking Habits--to Sleep More, Quit Sugar, Procrastinate Less, and Generally Build a Happier Life",,https://covers.openlibrary.org/b/isbn/0385348630-L.jpg,Habit  Change Psychology  Adaptability Psychology  Adaptation Psychological  Habits  Habitude Changement Psychologie Adaptation Psychologie SELFHELP Personal Growth General  SELFHELP Personal Growth Success  SELFHELP Personal Growth Happiness  Change Psychology cct Habit cct PSYCHOLOGY Applied Psychology cct SELFHELP Personal Growth General cct Adaptability Psychology fast Change Psychology fast Habit fast Habit sears Change Psychology sears
0062943383,Meik Wiking,The Art of Making Memories: How to Create and Remember Happy Moments,,https://covers.openlibrary.org/b/isbn/0062943383-L.jpg,Memory Mnemonics Happiness Happiness Mne
0780802179,Dawn D. Matthews,Sexually Transmitted Diseases Sourcebook,,https://covers.openlibrary.org/b/isbn/0780802179-L.jpg,Sexually transmitted diseases Popular works HEALTH FITNESS Diseases General  MEDICAL Clinical Medicine  MEDICAL Diseases  MEDICAL EvidenceBased Medicine  MEDICAL Internal Medicine  Sexually transmitted diseases fast 
0780821521,Angela Williams,Obesity and Overweight Sourcebook,,"https://m.media-amazon.com/images/I/71+BcbZLufL._AC_UF1000,1000_QL80_.jpg",Obesity Popular works Obesity  Obesity  Obe
1623368626,Lewis Howes,"The Mask of Masculinity: How Men Can Embrace Vulnerability, Create Strong Relationships, and Live Their Fullest Lives",,"https://m.media-amazon.com/images/I/81LKmFFmLAL._AC_UF350,350_QL50_.jpg",Men Identity Men Conduct of life Men Mental health Masculinity Social aspects Interpersonal communication in men FAMILY RELATIONSHIPS Love Romance  Interpersonal communication in men fast  Men Conduct of life fast  Men Identity fast  Men Mental health fast 
1782495606,Anna Black,Mindfulness and Sleep: How to improve your sleep quality through practicing mindfulness,,https://m.media-amazon.com/images/I/41t9BV+21TL.jpg,Mindfulness Psychology Therapeutic use Mindfulnessbased cognitive therapy Popular works Sleep Psychological aspects Meditation Sleep disorders PSYCHOLOGY General  Meditation fast  Mindfulnessbased cognitive therapy fast  Sleep disorders fast  Sleep Psychological aspects fast 
1684031281,Fredrik Livheim,The Mindfulness and Acceptance Workbook for Stress Reduction,,"https://m.media-amazon.com/images/I/619cXD-rMeL._AC_UF1000,1000_QL80_.jpg",Stress Psychology Stress management Mindfulness Psychology Selfcare Health SELFHELP Stress Management  BODY MIND SPIRIT Meditation  PSYCHOLOGY Mental Health  HEALTH FITNESS Healthy Living  Mindfulness Psychology fast  Selfcare Health fast  Stress management fast  Stress Psychology fast 
9781760643294,Steve Ellen,Mental: Everything You Never Knew You Needed to Know About Mental Health,,https://m.media-amazon.com/images/I/51-pN6jy0oL.jpg,Mental health Mental illness Mental Health
1785923943,"Paula Nagel, Gary Bainbridge",The Mental Health and Wellbeing Workout for Teens: Skills and Exercises from ACT and CBT for Healthy Thinking,,https://m.media-amazon.com/images/I/51zQa-swBaL.jpg,Health behavior in adolescence Teenagers Health and hygiene Acceptance and commitment therapy Problems exercises etc Cognitive therapy for teenagers Problems exercises etc Adolescent Behavior Acceptance and Commitment Therapy Cognitive Behavioral Therapy Acceptance and commitment therapy fast  Cognitive therapy for teenagers fast  Health behavior in adolescence fast  Teenagers Health and hygiene fast 
0780806700,Joyce Brennfleck Shannon,Medical Tests Sourcebook,,https://covers.openlibrary.org/b/isbn/0780806700-L.jpg,Diagnosis Popular works Diagnosis Laboratory Popular works Medicine Popular  Diagnostics Ouvrages de vulgarisation Diagnostics biologiques Ouvrages de vulgarisation Me
9781615370825,Lloyd I. Sederer,Improving Mental Health: Four Secrets in Plain Sight,,https://ajp.psychiatryonline.org/cms/10.1176/appi.ajp.2017.17030260/asset/images/medium/appi.ajp.2017.17030260f1.gif,Mental health Mental illness Prevention Stress Psychology Mental Health Mental Disorders xprevention control Stress Psychological Mental health fast  Mental illness Prevention fast  Stress Psychology fast 
1787756181,"Meg-John Barker, Alex Iantaffi, Jules Scheele",How to Understand Your Sexuality: A Practical Guide for Exploring Who You Are,,https://covers.openlibrary.org/b/isbn/1787756181-L.jpg,VALUE
1510759093,"Jill Henry, Dave Henry","The Greatest College Health Guide You Never Knew You Needed: How to Manage Food, Booze, Stress, Sex, Sleep, and Exercise on Campus",,"https://m.media-amazon.com/images/I/71o364p6ejL._AC_UF1000,1000_QL80_.jpg",College students Health and hygiene College students Health and hygiene fast 
0780818954,Kevin Hayes,Family Planning and Reproductive Health Sourcebook,,"https://m.media-amazon.com/images/I/51YFPC8XW2L._AC_UF1000,1000_QL80_.jpg",Birth control  Family planning  Population Control  Re
0780816838,Angela Williams,Drug Abuse Sourcebook,,"https://m.media-amazon.com/images/I/51JYQM134ML._AC_UF1000,1000_QL80_.jpg",Drug abuse Prevention Handbooks manuals etc Drug abuse Treatment Handbooks manuals etc Drug addiction Treatment Handbooks manuals etc POLITICAL SCIENCE Public Policy Social Security  POLITICAL SCIENCE Public Policy Social Services Welfare  Drug abuse Prevention fast  Drug abuse Treatment fast  Drug addiction Treatment fast 
0780812611,Sandra J. Judd,Domestic Violence Sourcebook,,https://covers.openlibrary.org/b/isbn/0780812611-L.jpg,Family violence  Family violence United States Prevention Victims of family violence Services for United States Abused children Psychology Abused women Psychology Violence familiale Victimes de violence familiale Services E
0780804414,Karen Bellenir,Diet Information for Teens : Health Tips about Diet and Nutrition,,https://covers.openlibrary.org/b/isbn/0780804414-L.jpg,Teenagers Nutrition Teenagers Health and hygiene  Diet  Health  Nutrition Requirements  Diet in disease  Nutritional Requirements  Feeding and Eating Disorders Diet  Adolescent  Health  Adolescents Sante
1319068308,"John N. Gardner, Betsy O. Barefoot",Your College Experience: Strategies for Success,,https://covers.openlibrary.org/b/isbn/1319068308-L.jpg,College student orientation United States
0804172706,Hanya Yanagihara,A Little Life,,https://covers.openlibrary.org/b/isbn/0804172706-L.jpg,Families Fiction English HILCC Languages Literatures HILCC American Literature HILCC
0385480016,Anne Lamott,Bird by Bird: Some Instructions on Writing and Life,,https://covers.openlibrary.org/b/isbn/0385480016-L.jpg,Authorship Handbooks manuals etc
0367375877,Marcus Henning,Wellbeing in Higher Education: Cultivating a Healthy Lifestyle Among Faculty and Students,,https://m.media-amazon.com/images/I/61FCqU3QpZL._SR600%2C315_PIWhiteStrip%2CBottomLeft%2C0%2C35_SCLZZZZZZZ_FMpng_BG255%2C255%2C255.jpg,Education Higher Health aspects College students Mental health College teachers Mental health Wellbeing
0385720254,Sylvia Plath,The Unabridged Journals of Sylvia Plath,,https://covers.openlibrary.org/b/isbn/0385720254-L.jpg,Poets American yth century Diaries Poets American yth century Diaries English HILCC Languages Literatures HILCC American Literature HILCC
0367224356,Alan Carr,Positive Psychology and You: A Self-Development Guide,,"https://m.media-amazon.com/images/I/81aCpBTOwSL._AC_UF1000,1000_QL80_.jpg",Positive psychology Selfactualization Psychology Wellbeing
1451666179,Allie Brosh,"Hyperbole and a Half: Unfortunate Situations, Flawed Coping Mechanisms, Mayhem, and Other Things That Happened ",,https://covers.openlibrary.org/b/isbn/1451666179-L.jpg,Cartoonists United States Biography American wit and humor Pictorial Humour par limage ame
0865718512,Susan L. Prescott,The Secret Life of Your Microbiome: Why Nature and Biodiversity are Essential to Health and Happiness,,https://covers.openlibrary.org/b/isbn/0865718512-L.jpg,Human body Microbiology Popular works Environmental health Biodiversity Environmental Health Biodiversity Corps humain Microbiologie Ouvrages de vulgarisation Biodiversite
0335247717,Kate Hefferon,Positive Psychology and the Body: The Somatopsychic Side to Flourishing,,https://covers.openlibrary.org/b/isbn/0335247717-L.jpg,Positive psychology Psychology
1421437724,"Katharine M. Broton, Clare L. Cady, Sara Goldrick-Rab",Food Insecurity on Campus: Action and Intervention,,https://pictures.abebooks.com/inventory/30618974912.jpg,Food security United States College students United States Social conditions Se
1612437575,Megan Rutell,Beyond Bullets: Creative Journaling Ideas to Customize Your Personal Productivity System,,https://covers.openlibrary.org/b/isbn/1612437575-L.jpg,Diaries Authorship  Creative writing  Journaux intimes Art de
1604079339,Pema Chödrön,How to Meditate: A Practical Guide to Making Friends with Your Mind,,https://covers.openlibrary.org/b/isbn/1604079339-L.jpg,Meditation Buddhism  Buddhism  Buddhism  Meditation  Bouddhisme Buddhism aat Meditation Buddhism fast
0062209744,Peggy Orenstein,Girls & Sex: Navigating the Complicated New Landscape,,https://covers.openlibrary.org/b/isbn/0062209744-L.jpg,Teenage girls Sexual behavior United States Teenage girls United States Attitudes Young women Sexual behavior United States Teenage girls Attitudes fast  Teenage girls Sexual behavior fast  Young women Sexual behavior fast 
9781878424310,Don Miguel Ruiz,The Four Agreements: A Practical Guide to Personal Freedom,,https://covers.openlibrary.org/b/isbn/9781878424310-L.jpg,Conduct of life  Toltec philosophy Miscellanea Character  Lifestyles  Spirituality  Character Life Style Spirituality Morale pratique Philosophie tolteque Miscellane
1250074657,Frank Ostaseski,The Five Invitations: Discovering What Death Can Teach Us About Living Fully,,https://covers.openlibrary.org/b/isbn/1250074657-L.jpg,Death Religious aspects Buddhism  Death Psychological aspects  Religion  Lifestyles  Selfperception  Buddhism  Human beings  Attitude to Death  Religion  Life Style  Self Concept  Buddhism  Humans  Mort Aspect psychologique Religion Style de vie Perception de soi Bouddhisme Etres humains areligion discipline aat Buddhism aat Homo sapiens species aat Selfperception fast Religion fast Lifestyles fast Death Psychological aspects fast Buddhism fast Death Religious aspects Buddhism fast
1476762090,Emily Nagoski,Come as You Are: The Surprising New Science that Will Transform Your Sex Life,,https://covers.openlibrary.org/b/isbn/1476762090-L.jpg,Sex instruction for women Sexual health Women Sexual behavior Women Health and hygiene Women Women Sexual behavior Women Health and hygiene Sexuality Women Sexual Health E
1598695088,Linda Larsen,"The Everything Meals on a Budget Cookbook: High-flavor, low-cost meals your family will love",,https://covers.openlibrary.org/b/isbn/1598695088-L.jpg,Low budget cooking Cuisine e
0316420352,Christy Harrison,"Anti-Diet: Reclaim Your Time, Money, Well-Being, and Happiness Through Intuitive Eating",,https://covers.openlibrary.org/b/isbn/0316420352-L.jpg,Body image Weight loss Social aspects Weight loss Psychological aspects Dietetics Body Image Image du corps Perte de poids Aspect social Die
1632170965,Moorea Seal,"52 Lists for Happiness: Weekly Journaling Inspiration for Positivity, Balance, and Joy (A Guided Self -Love Journal with Prompts, Photos, and Illustrations)",,https://pictures.abebooks.com/isbn/9781632174758-us.jpg,Selfactualization Psychology Happiness Happiness fast  Selfactualization Psychology fast 
1501144316,Matthew P. Walker,Why We Sleep: Unlocking the Power of Sleep and Dreams,,"https://images-na.ssl-images-amazon.com/images/I/71PtyHIMD0L._AC_UL210_SR210,210_.jpg",Sleep  Sleep Physiological aspects  Sleep  Sommeil Sommeil Aspect physiologique Sleep Physiological aspects cct Sleep xphysiology cct Sleep fast Sleep Physiological aspects fast Sleep sears
1250076501,Sharon Salzberg,Real Love: The Art of Mindful Connection,,https://covers.openlibrary.org/b/isbn/1250076501-L.jpg,Love  Mindfulness Psychology  Meditation  Amour Pleine conscience Psychologie Me
0813941148,Tanya Denckla Cobb,"Healthy Environments, Healing Spaces: Practices and Directions in Health, Planning, and Design",,https://covers.openlibrary.org/b/isbn/0813941148-L.jpg,Health facilities Design and construction Architectural design Health aspects City planning Environmental health Conservation of natural resources City Planning Environmental Health Environment Design Conservation of Natural Resources Community Health Planning Urbanisme Hygiene du milieu Conservation des ressources naturelles Services communautaires de sante
0077842154,Robert S. Feldman,P.O.W.E.R. Learning: Strategies for Success in College and Life,,https://covers.openlibrary.org/b/isbn/0077842154-L.jpg,College student orientation Study skills Life skills Success Achievement E
1524732680,Sheryl Sandberg,"Option B: Facing Adversity, Building Resilience, and Finding Joy",,https://covers.openlibrary.org/b/isbn/1524732680-L.jpg,Grief  Bereavement  Loss Psychology  Resilience Personality trait  Widowhood  Grief Bereavement Grief  Resilience Psychological  Widowhood  Chagrin Deuil Perte Psychologie Re
1305258770,Liane M. Summerfield,"Nutrition, Exercise, and Behavior: An Integrated Approach to Weight Management",,"https://m.media-amazon.com/images/I/81Z7mX6LgQL._AC_UF1000,1000_QL80_.jpg",Weight loss Obesity Prevention Health behavior Nutrition Physical fitness Reducing diets Diet Reducing Weight Loss Health Behavior Nutritional Physiological Phenomena Perte de poids Habitudes sanitaires Nutrition Re
0393242714,Florence Williams,"The Nature Fix: Why Nature Makes us Happier, Healthier, and More Creative",,https://covers.openlibrary.org/b/isbn/0393242714-L.jpg,Nature Psychological aspects Environmental psychology Creative ability Creative ability fast  Environmental psychology fast  Nature Psychological aspects fast 
0399588949,Dan Harris,Meditation for Fidgety Skeptics: A 10% Happier How-to Book,,"https://m.media-amazon.com/images/I/61OnOvfUONL._AC_UF350,350_QL50_.jpg",Meditation Psychological aspects Happiness  Happiness Meditation xmethods  Happiness  Me
1250101344,Joan Halifax,Standing at the Edge: Finding Freedom Where Fear and Courage Meet,,https://covers.openlibrary.org/b/isbn/1250101344-L.jpg,Conduct of life  Suffering  Compassion  Altruism  Empathy  Integrity  Respect  Engagement Philosophy  Nurturing behavior  Stress Psychology  Stress Physiology  Stress Psychological  Altruism Empathy  Stress Physiological  Morale pratique Souffrance Compassion Altruisme Empathie Inte
0061697702,Thi ch,"Savor: Mindful Eating, Mindful Life",,https://covers.openlibrary.org/b/isbn/0061697702-L.jpg,Food Religious aspects Zen Buddhism Nutrition Religious aspects Zen Buddhism Weight loss Religious aspects Zen Buddhism Food habits  Eating Philosophy  Weight loss  Diet Food and Nutrition Weight Loss  Feeding Behavior  Habitudes alimentaires Nourriture Perte de poids HEALTH FITNESS Diet Nutrition General  BODY MIND SPIRIT Mindfulness Meditation  Weight loss fast Eating Philosophy fast Food habits fast Food Religious aspects Buddhism sears Eating customs sears
9783319498980,"Anna Brdulak, Halina Brdulak",Happy City - How to Plan and Create the Best Livable Area for the People,,https://covers.openlibrary.org/b/isbn/9783319498980-L.jpg,City planning City planning Social aspects Urbanisme Participation des citoyens ram Villes intelligentes ram City planning fast  City planning Social aspects fast 
9781101875322,"Burnett, William (Consulting professor of design)","Designing Your Life: How to Build a Well-Lived, Joyful Life",,https://covers.openlibrary.org/b/isbn/9781101875322-L.jpg,Vocational guidance Selfrealization Design Social aspects Decision making Selfrealization Decision Making Re
0812993012,"Amy Wallace, Edwin Catmull","Creativity, Inc.: Overcoming the Unseen Forces That Stand in the Way of True Inspiration",,https://covers.openlibrary.org/b/isbn/0812993012-L.jpg,Creative ability in business Corporate culture Organizational effectiveness
142143878X,"Ron Stall, Brian Dodge, José A. Bauermeister, Tonia Poteat, Chris Beyrer","LGBTQ Health Research: Theory, Methods, Practice",,"https://images-na.ssl-images-amazon.com/images/I/71e4DQkfHPL._AC_UL600_SR600,600_.jpg",Sexual minorities Medical care Discrimination in medical care  Medical care  Sexual and Gender Minorities Delivery of Health Care  Health Services Research Health Equity Minority Health Patient Care  Minorite
0367186691,Petra M. Boynton,"Being Well in Academia: Ways to Feel Stronger, Safer and More Connected (Insider Guides to Success in Academia)",,"https://m.media-amazon.com/images/I/716PRYM5-hL._AC_UF1000,1000_QL80_.jpg",College students Mental health Educational psychology  Students Mental health  Psychology Educational  E
0801093457,Caroline Leaf,"Cleaning Up Your Mental Mess: 5 Simple, Scientifically Proven Steps to Reduce Anxiety, Stress, and Toxic Thinking",,"https://m.media-amazon.com/images/I/813bkbSjEEL._AC_UF1000,1000_QL80_DpWeblab_.jpg",Mindfulnessbased cognitive therapy Mental health Mind and body Mental Health The
0316453323,Dr. David Perlmutter,"Brain Wash: Detox Your Mind for Clearer Thinking, Deeper Relationships, and Lasting Happiness",,https://covers.openlibrary.org/b/isbn/0316453323-L.jpg,Culture Physiological effect Cognition and culture Brain Popular works Neurophysiology Popular works Brain Diseases Nutritional aspects Popular works Brain Diseases Prevention Popular works Brain Brain fast  Brain Diseases Nutritional aspects fast  Brain Diseases Prevention fast  Cognition and culture fast  Neurophysiology fast  Brain sears Neurophysiology sears Brain Diseases sears Culture sears Theory of knowledge sears
0738234990,Kati Morton,Are u ok?: A Guide to Caring for Your Mental Health,,https://image.isu.pub/190221092635-a4d0114eef81ef1e67fd84ae86005ec6/jpg/page_1.jpg,Mental health Mental health Miscellanea PSYCHOLOGY Mental Health  SELFHELP SelfManagement General  POLITICAL SCIENCE Public Policy Social Security  POLITICAL SCIENCE Public Policy Social Services Welfare  Mental health fast 
0780806298,Dawn D. Matthews,Diabetes Sourcebook,,https://covers.openlibrary.org/b/isbn/0780806298-L.jpg,Diabetes Popular works Diabetes fast 
0780806050,Dawn D. Matthews,Alternative Medicine Sourcebook,,https://covers.openlibrary.org/b/isbn/0780806050-L.jpg,Alternative medicine Popular works Me
1785925938,"Laurie Leventhal-Belfer, Tony Attwood",College on the Autism Spectrum: A Parent's Guide to Students' Mental Health and Wellbeing,,"https://m.media-amazon.com/images/I/71ovCaElB5L._AC_UF1000,1000_QL80_.jpg",Autistic people Education Higher Autistic people Mental health Autism spectrum disorders Education Higher Parent participation College students with disabilities Mental health
0780802489,Dawn D. Matthews,Adolescent Health Sourcebook,,https://covers.openlibrary.org/b/isbn/0780802489-L.jpg,Teenagers Health and hygiene Adolescent psychology Consumer education Adolescence
1684038669,"Jeffrey Brantley, Wendy Millstine","Five Good Minutes of Mindfulness: Reduce Stress, Reset, and Find Peace Right Now",,https://covers.openlibrary.org/b/isbn/1684038669-L.jpg,Mindfulness Psychology Pleine conscience Psychologie Mindfulness Psychology fast 
1635651751,Sheila Curry Oakes,Women's Health Vagina University: A Complete Owner's Manual from Sex and Periods to Health and Body Image--And Everything in Between,,https://i.thriftbooks.com/api/imagehandler/m/14008A7EE7627FD6DEF5B04AB4650EB04B365827.jpeg,Vagina Popular works Women Sexual behavior Popular works Women Health and hygiene Popular works Vagin CaQQLa Ouvrages de vulgarisation CaQQLa Femmes CaQQLa Sexualite
0316311618,Dan Lerner,U Thrive: How to Succeed in College (and Life),,"https://images-na.ssl-images-amazon.com/images/I/A1SxpZFqxpL._AC_UL600_SR600,600_.jpg",Academic achievement College students Students E
1982144580,"Bryden  M.D. M.D., Pier, Szatmari  M.D. M.D., Peter",Start Here: A Parent's Guide to Helping Children and Teens through Mental Health Challenges,,https://luckys.ca/cdn/shop/products/IMG_9704.jpg?v=1611525740&width=1445,Child mental health Popular works Teenagers Mental health Popular works Child psychiatry Popular works Adolescent psychiatry Popular works Adolescent psychiatry fast  Child mental health fast  Child psychiatry fast  Teenagers Mental health fast 
1684033438,Erica Mather,"Your Body, Your Best Friend: End the Confidence-Crushing Pursuit of Unrealistic Beauty Standards and Embrace Your True Power",,"https://m.media-amazon.com/images/I/61ttxwaN-hL._AC_UF1000,1000_QL80_.jpg",Body image Body image in women Selfacceptance Image du corps Image du corps chez la femme Acceptation de soi Body image fast  Body image in women fast  Selfacceptance fast 
0730384659,Dermot Crowley,"Urgent!: Strategies to Control Urgency, Reduce Stress and Increase Productivity",,"https://m.media-amazon.com/images/I/81zJDjlOZEL._AC_UF1000,1000_QL80_.jpg",Organizational effectiveness Stress management Job stress Prevention Business BUSINESS ECONOMICS Small Business  Stress management fast  Organizational effectiveness fast  Job stress Prevention fast  Business fast 
0367218003,Cyndi Turner,Practicing Alcohol Moderation: A Comprehensive Workbook,,"https://m.media-amazon.com/images/I/81Ki3wJmA9S._AC_UF1000,1000_QL80_.jpg",Controlled drinking  Alcoholism Treatment  Boire controle
0717179567,Alison Keating,The Secret Lives of Adults: Your Seven Key Relationships - How to Make Them Work,,https://confidentchangemanagement.com/ccm/wp-content/uploads/2020/12/TheSecretLivesOfAdults.jpg,Interpersonal relations  Emotions  PSYCHOLOGY Applied Psychology  SELFHELP Personal Growth General  SELFHELP Personal Growth Happiness  SELFHELP Personal Growth Success  Emotions fast Interpersonal relations fast
1623365929,Dan Charnas,"Work Clean: The life-changing power of mise-en-place to organize your life, work, and mind",,https://covers.openlibrary.org/b/isbn/1623365929-L.jpg,Conduct of life  Success  Morale pratique Succes aethics philosophical concept aat Conduct of life fast  Success fast 
1982195444,Tunde Oyeneyin,"Speak: Find Your Voice, Trust Your Gut, and Get from Where You Are to Where You Want to Be",,https://covers.openlibrary.org/b/isbn/1982195444-L.jpg,Selfactualization Psychology  Cycling Training Biography Nigerian Americans Biography Selfactualization Psychology in women  Body image in women  Cyclisme Entrainement Biographies Ame
1984822802,Gretchen Rubin,"Outer Order, Inner Calm: Declutter and Organize to Make More Room for Happiness",,https://covers.openlibrary.org/b/isbn/1984822802-L.jpg,Selfactualization Psychology  Happiness  Success  Orderliness  Order  Orderliness  Succes Ordre SELFHELP Personal Growth Happiness  HOUSE HOME Cleaning Caretaking  SELFHELP Personal Growth Success  Selfactualization Psychology cct Happiness cct Success cct Order fast Orderliness fast Happiness fast Selfactualization Psychology fast Success fast Selfrealization sears Happiness sears Success sears Orderliness sears Storage in the home sears
0062820338,Meik Wiking,The Little Book of Lykke: Secrets of the World's Happiest People,,https://media.fds.fi/product_image/1PenguinBooks_TH.jpg,Happiness  Conduct of life  Selfrealization Denmark Happiness   Morale pratique Re
0735211299,James Clear,Atomic Habits: An Easy & Proven Way to Build Good Habits & Break Bad Ones,,https://covers.openlibrary.org/b/isbn/0735211299-L.jpg,Habit  Habit breaking  Behavior modification  Behavior modification Habits  Behavior Therapy  Habitude Mauvaises habitudes Modification du comportement BUSINESS ECONOMICS Organizational Behavior  PSYCHOLOGY Social Psychology  SELFHELP Personal Growth General  Behavior modification fast Habit fast Habit breaking fast Erfolg gnd  Gewohnheit gnd  Lebensfuhrung gnd  Habit sears Behavior modification sears
0190934506,"Patricia S. Herzog, Casey T. Harris, Shauna A. Morimoto, Shane W. Barker, Jill G. Wheeler",The Science of College: Navigating the First Year and Beyond,,"https://m.media-amazon.com/images/I/61cfd8odCWL._AC_UF1000,1000_QL80_DpWeblab_.jpg",College student orientation College freshmen College students Conduct of life
0738284610,Heather Miller,Prime-Time Parenting: The Two-Hour-a-Day Secret to Raising Great Kids ,,"https://m.media-amazon.com/images/I/61I1MoXuxuL._AC_UF1000,1000_QL80_.jpg",Parenting Child rearing Technology and children EDUCATION Parent Participation  FAMILY RELATIONSHIPS Education  FAMILY RELATIONSHIPS Parenting  FAMILY RELATIONSHIPS General  Child rearing fast  Parenting fast  Technology and children fast 
1684030099,"Michael A. Tompkins, Jonathan R. Barkin, Matthew McKay",The Relaxation and Stress Reduction Workbook for Teens: CBT Skills to Help You Deal with Worry and Anxiety,,"https://m.media-amazon.com/images/I/719NeOQfP4L._AC_UF1000,1000_QL80_.jpg",Anxiety in adolescence Juvenile literature Stress in adolescence Juvenile literature Stress management for teenagers Juvenile literature Cognitive therapy for teenagers Juvenile literature JUVENILE NONFICTION Health Daily Living Diseases Illnesses Injuries  Anxiety in adolescence fast  Cognitive therapy for teenagers fast  Stress in adolescence fast  Stress management for teenagers fast 
0780815572,Keith Jones,Pregnancy Information for Teens,,https://covers.openlibrary.org/b/isbn/0780815572-L.jpg,Teenage parents  Teenage pregnancy  Pregnancy in Adolescence  Parents adolescents Grossesse chez ladolescente MEDICAL Gynecology Obstetrics  Teenage parents fast Teenage pregnancy fast
1462526799,"Patt Denning, Jeannie Little",Over the Influence: The Harm Reduction Guide to Controlling Your Drug and Alcohol Use,,https://covers.openlibrary.org/b/isbn/1462526799-L.jpg,Substance abuse Prevention Popular works Selfcare Health Harm reduction
1138215872,"Paul R. Stasiewicz, Clara M. Bradizza, Kim S. Slosman",Managing Negative Emotions Without Drinking: A Workbook of Effective Strategies,,https://covers.openlibrary.org/b/isbn/1138215872-L.jpg,Alcoholism Treatment Negativism Alcohol Drinking xprevention control
0774839015,Nicole Malette,It’s All Good (Unless It’s Not): Mental Health Tips and Self-Care Strategies for your Undergrad Years,,https://press.uchicago.edu/.imaging/mte/ucp/medium/dam/ucp/books/jacket/978/07/74/83/9780774839013.jpg/jcr:content/9780774839013.jpg,Undergraduates Mental health College students Mental health Students xpsychology Students Universities Mental Health Adaptation Psychological Student Health Services College students Mental health fast 
0195314530,"Gillian Butler, Tony Hope",Managing Your Mind: The Mental Fitness Guide,,https://covers.openlibrary.org/b/isbn/0195314530-L.jpg,Mental health Selfactualization Psychology Mind and body Success Psychological aspects Mental Health MindBody Relations Metaphysical Psychophysiology SelfAssessment Self Concept Self Efficacy Mind and body fast  Selfactualization Psychology fast  Success Psychological aspects fast 
1684034272,"Rebekkah LaDyne, Bob Stahl",The Mind-Body Stress Reset: Somatic Practices to Reduce Overwhelm and Increase Well-Being,,https://covers.openlibrary.org/b/isbn/1684034272-L.jpg,Stress management Mind and bodyPopular works Mind and body
0780812751,Karen Bellenir,Mental Health Disorders Sourcebook,,https://covers.openlibrary.org/b/isbn/0780812751-L.jpg,Mental illness  Psychiatry  Mental Disorders  Maladies mentales amental disorders aat Mental illness fast Psychiatry fast
0780802128,Dawn D. Matthews,Men's Health Concerns Sourcebook,,https://covers.openlibrary.org/b/isbn/0780802128-L.jpg,Men xhealth hygiene Men Health and hygiene Popular works Men Health and hygiene fast  HEALTH FITNESS Healthy Living  HEALTH FITNESS Holism  HEALTH FITNESS Reference  MEDICAL Preventive Medicine 
1538126672,Paula DURLOFSKY,Logged In and Stressed Out: How Social Media is Affecting Your Mental Health and What You Can Do About It,,https://covers.openlibrary.org/b/isbn/1538126672-L.jpg,Social media Psychological aspects Digital media Social aspects Me
0648188477,Christine Thompson-Wells,How To Reduce Stress: A Proactive Way To Manage Stress,,"https://m.media-amazon.com/images/I/71j-XjSPRrL._AC_UF1000,1000_QL80_.jpg",Stress management
0780803353,Dawn D. Matthews,Eating Disorders Sourcebook,,https://covers.openlibrary.org/b/isbn/0780803353-L.jpg,Eating disorders  Consumer education  Feeding and Eating Disorders Troubles du comportement alimentaire Consommateurs E
0780803892,Dawn D. Matthews,Disabilities Sourcebook,,https://covers.openlibrary.org/b/isbn/0780803892-L.jpg,People with disabilities United States Handbooks manuals etc People with mental disabilities United States Handbooks manuals etc Personnes handicape
0780811526,Laura Larsen,Diet and Nutrition Sourcebook,,https://covers.openlibrary.org/b/isbn/0780811526-L.jpg,Nutrition Popular works Diet Popular works Health Popular works Consumer education  Nutrition Ouvrages de vulgarisation Alimentation Ouvrages de vulgarisation Sante
1541646754,Talya Miron-Shatz,Your Life Depends on It: What You Can Do to Make Better Choices About Your Health,,https://covers.openlibrary.org/b/isbn/1541646754-L.jpg,Health Decision making Health behavior  Health Behavior  Sante